,Month,
Deisel Price,Apr 1974,4.15
Deisel Price,Apr 1974,4.094
Deisel Price,Apr 1974,4.079
Deisel Price,Apr 1974,4.086
Deisel Price,Apr 1974,4.135
Deisel Price,Apr 1974,4.132
Deisel Price,Apr 1974,4.127
Deisel Price,Apr 1974,4.089
Deisel Price,Apr 1974,4.026
Deisel Price,Apr 1974,3.965
Deisel Price,Apr 1974,3.85
Deisel Price,Apr 1974,3.796
Deisel Price,Apr 1974,3.783
Deisel Price,Apr 1974,3.695
Deisel Price,Apr 1974,3.683
Deisel Price,Apr 1974,3.648
Deisel Price,Apr 1974,3.678
Deisel Price,Mar 1974,3.729
Deisel Price,Mar 1974,3.781
Deisel Price,Mar 1974,3.846
Deisel Price,Mar 1974,3.897
Deisel Price,Mar 1974,3.956
Deisel Price,Mar 1974,4.004
Deisel Price,Mar 1974,4.057
Deisel Price,Mar 1974,4.073
Deisel Price,Mar 1974,4.085
Deisel Price,Mar 1974,4.127
Deisel Price,Mar 1974,4.148
Deisel Price,Mar 1974,4.142
Deisel Price,Mar 1974,4.147
Deisel Price,Mar 1974,4.142
Deisel Price,Mar 1974,4.123
Deisel Price,Mar 1974,4.094
Deisel Price,Mar 1974,4.051
Deisel Price,Mar 1974,3.96
Deisel Price,Mar 1974,3.943
Deisel Price,Mar 1974,3.856
Deisel Price,Mar 1974,3.85
Deisel Price,Mar 1974,3.848
Deisel Price,Mar 1974,3.854
Deisel Price,Mar 1974,3.828
Deisel Price,Mar 1974,3.783
Deisel Price,Mar 1974,3.791
Deisel Price,Mar 1974,3.828
Deisel Price,Mar 1974,3.894
Deisel Price,Mar 1974,3.931
Deisel Price,Mar 1974,3.964
Deisel Price,Mar 1974,4.01
Deisel Price,Mar 1974,3.987
Deisel Price,Mar 1974,3.887
Deisel Price,Mar 1974,3.892
Deisel Price,Mar 1974,3.825
Deisel Price,Mar 1974,3.801
Deisel Price,Mar 1974,3.721
Deisel Price,Mar 1974,3.749
Deisel Price,Mar 1974,3.786
Deisel Price,Mar 1974,3.833
Deisel Price,Mar 1974,3.862
Deisel Price,Mar 1974,3.868
Deisel Price,Mar 1974,3.82
Deisel Price,Mar 1974,3.81
Deisel Price,Feb 1974,3.835
Deisel Price,Feb 1974,3.897
Deisel Price,Feb 1974,3.937
Deisel Price,Feb 1974,3.949
Deisel Price,Feb 1974,3.923
Deisel Price,Feb 1974,3.899
Deisel Price,Feb 1974,3.85
Deisel Price,Feb 1974,3.888
Deisel Price,Feb 1974,3.95
Deisel Price,Feb 1974,3.954
Deisel Price,Feb 1974,3.94
Deisel Price,Feb 1974,3.948
Deisel Price,Feb 1974,3.997
Deisel Price,Feb 1974,4.061
Deisel Price,Feb 1974,4.104
Deisel Price,Feb 1974,4.124
Deisel Price,Feb 1974,4.098
Deisel Price,Feb 1974,4.105
Deisel Price,Feb 1974,4.078
Deisel Price,Feb 1974,3.976
Deisel Price,Feb 1974,3.932
Deisel Price,Feb 1974,3.907
Deisel Price,Feb 1974,3.908
Deisel Price,Feb 1974,3.871
Deisel Price,Feb 1974,3.716
Deisel Price,Feb 1974,3.573
Deisel Price,Feb 1974,3.534
Deisel Price,Feb 1974,3.513
Deisel Price,Feb 1974,3.438
Deisel Price,Feb 1974,3.43
Deisel Price,Feb 1974,3.407
Deisel Price,Feb 1974,3.333
Deisel Price,Feb 1974,3.331
Deisel Price,Feb 1974,3.294
Deisel Price,Feb 1974,3.248
Deisel Price,Feb 1974,3.231
Deisel Price,Feb 1974,3.197
Deisel Price,Feb 1974,3.162
Deisel Price,Feb 1974,3.171
Deisel Price,Feb 1974,3.184
Deisel Price,Jan 1974,3.116
Deisel Price,Jan 1974,3.067
Deisel Price,Jan 1974,3.067
Deisel Price,Jan 1974,3.073
Deisel Price,Jan 1974,3.066
Deisel Price,Jan 1974,3.0
Deisel Price,Jan 1974,2.951
Deisel Price,Jan 1974,2.96
Deisel Price,Jan 1974,2.943
Deisel Price,Jan 1974,2.931
Deisel Price,Jan 1974,2.938
Deisel Price,Jan 1974,2.957
Deisel Price,Jan 1974,2.979
Deisel Price,Jan 1974,2.991
Deisel Price,Jan 1974,2.928
Deisel Price,Jan 1974,2.919
Deisel Price,Jan 1974,2.899
Deisel Price,Jan 1974,2.903
Deisel Price,Jan 1974,2.924
Deisel Price,Jan 1974,2.956
Deisel Price,Jan 1974,2.961
Deisel Price,Jan 1974,2.928
Deisel Price,Jan 1974,2.946
Deisel Price,Jan 1974,2.98
Deisel Price,Jan 1974,3.021
Deisel Price,Jan 1974,3.094
Deisel Price,Jan 1974,3.127
Deisel Price,Jan 1974,3.122
Deisel Price,Jan 1974,3.078
Deisel Price,Jan 1974,3.074
Deisel Price,Jan 1974,3.069
Deisel Price,Jan 1974,3.015
Deisel Price,Jan 1974,2.939
Deisel Price,Jan 1974,2.946
Deisel Price,Jan 1974,2.924
Deisel Price,Jan 1974,2.904
Deisel Price,Jan 1974,2.861
Deisel Price,Jan 1974,2.832
Deisel Price,Jan 1974,2.756
Deisel Price,Jan 1974,2.769
Deisel Price,Jan 1974,2.781
Deisel Price,Jan 1974,2.833
Deisel Price,Jan 1974,2.87
Deisel Price,Jan 1974,2.879
<<<<<<< HEAD
Deisel Price,12 1973,2.797
Deisel Price,12 1973,2.732
Deisel Price,12 1973,2.726
Deisel Price,12 1973,2.748
Deisel Price,12 1973,2.772
Deisel Price,12 1973,2.775
Deisel Price,12 1973,2.787
Deisel Price,12 1973,2.79
Deisel Price,12 1973,2.801
Deisel Price,12 1973,2.808
Deisel Price,12 1973,2.801
Deisel Price,12 1973,2.705
Deisel Price,12 1973,2.6
Deisel Price,12 1973,2.582
Deisel Price,12 1973,2.601
Deisel Price,12 1973,2.622
Deisel Price,12 1973,2.634
Deisel Price,12 1973,2.647
Deisel Price,12 1973,2.674
Deisel Price,12 1973,2.668
Deisel Price,12 1973,2.652
Deisel Price,12 1973,2.625
Deisel Price,12 1973,2.55
Deisel Price,12 1973,2.528
Deisel Price,12 1973,2.496
Deisel Price,12 1973,2.542
Deisel Price,12 1973,2.594
Deisel Price,12 1973,2.608
Deisel Price,12 1973,2.616
Deisel Price,12 1973,2.572
Deisel Price,12 1973,2.498
Deisel Price,12 1973,2.352
Deisel Price,12 1973,2.274
Deisel Price,12 1973,2.231
Deisel Price,12 1973,2.216
Deisel Price,12 1973,2.185
Deisel Price,12 1973,2.201
Deisel Price,12 1973,2.221
Deisel Price,12 1973,2.229
Deisel Price,12 1973,2.228
Deisel Price,12 1973,2.221
Deisel Price,12 1973,2.09
Deisel Price,12 1973,2.017
Deisel Price,12 1973,2.045
Deisel Price,12 1973,2.087
Deisel Price,11 1973,2.13
Deisel Price,11 1973,2.186
Deisel Price,11 1973,2.219
Deisel Price,11 1973,2.246
Deisel Price,11 1973,2.268
Deisel Price,11 1973,2.296
Deisel Price,11 1973,2.314
Deisel Price,11 1973,2.291
Deisel Price,11 1973,2.327
Deisel Price,11 1973,2.366
Deisel Price,11 1973,2.422
Deisel Price,11 1973,2.515
Deisel Price,11 1973,2.615
Deisel Price,11 1973,2.664
Deisel Price,11 1973,2.809
Deisel Price,11 1973,2.944
Deisel Price,11 1973,3.088
Deisel Price,11 1973,3.288
Deisel Price,11 1973,3.482
Deisel Price,11 1973,3.659
Deisel Price,11 1973,3.875
Deisel Price,11 1973,3.959
Deisel Price,11 1973,3.958
Deisel Price,11 1973,4.023
Deisel Price,11 1973,4.059
Deisel Price,11 1973,4.121
Deisel Price,11 1973,4.145
Deisel Price,11 1973,4.207
Deisel Price,11 1973,4.353
Deisel Price,11 1973,4.502
Deisel Price,11 1973,4.603
Deisel Price,11 1973,4.718
Deisel Price,11 1973,4.764
Deisel Price,11 1973,4.727
Deisel Price,11 1973,4.645
Deisel Price,11 1973,4.648
Deisel Price,11 1973,4.692
Deisel Price,11 1973,4.692
Deisel Price,11 1973,4.707
Deisel Price,11 1973,4.723
Deisel Price,11 1973,4.497
Deisel Price,11 1973,4.331
Deisel Price,11 1973,4.149
Deisel Price,10 1973,4.177
Deisel Price,10 1973,4.143
Deisel Price,10 1973,4.059
Deisel Price,10 1973,3.955
Deisel Price,10 1973,3.964
Deisel Price,10 1973,3.989
Deisel Price,10 1973,3.974
Deisel Price,10 1973,3.819
Deisel Price,10 1973,3.658
Deisel Price,10 1973,3.552
Deisel Price,10 1973,3.396
Deisel Price,10 1973,3.28
Deisel Price,10 1973,3.28
Deisel Price,10 1973,3.259
Deisel Price,10 1973,3.27
Deisel Price,10 1973,3.326
Deisel Price,10 1973,3.376
Deisel Price,10 1973,3.345
Deisel Price,10 1973,3.308
Deisel Price,10 1973,3.309
Deisel Price,10 1973,3.325
Deisel Price,10 1973,3.416
Deisel Price,10 1973,3.444
Deisel Price,10 1973,3.41
Deisel Price,10 1973,3.425
Deisel Price,10 1973,3.303
Deisel Price,10 1973,3.157
Deisel Price,10 1973,3.094
Deisel Price,10 1973,3.039
Deisel Price,10 1973,3.035
Deisel Price,10 1973,3.048
Deisel Price,10 1973,3.032
Deisel Price,10 1973,2.964
Deisel Price,10 1973,2.924
Deisel Price,10 1973,2.893
Deisel Price,10 1973,2.863
Deisel Price,10 1973,2.868
Deisel Price,10 1973,2.847
Deisel Price,10 1973,2.898
Deisel Price,10 1973,2.886
Deisel Price,10 1973,2.889
Deisel Price,10 1973,2.889
Deisel Price,10 1973,2.849
Deisel Price,10 1973,2.829
Deisel Price,09 1973,2.835
Deisel Price,09 1973,2.805
Deisel Price,09 1973,2.792
Deisel Price,09 1973,2.799
Deisel Price,09 1973,2.817
Deisel Price,09 1973,2.803
Deisel Price,09 1973,2.773
Deisel Price,09 1973,2.792
Deisel Price,09 1973,2.811
Deisel Price,09 1973,2.851
Deisel Price,09 1973,2.877
Deisel Price,09 1973,2.84
Deisel Price,09 1973,2.79
Deisel Price,09 1973,2.676
Deisel Price,09 1973,2.681
Deisel Price,09 1973,2.685
Deisel Price,09 1973,2.626
Deisel Price,09 1973,2.551
Deisel Price,09 1973,2.491
Deisel Price,09 1973,2.476
Deisel Price,09 1973,2.435
Deisel Price,09 1973,2.413
Deisel Price,09 1973,2.43
Deisel Price,09 1973,2.463
Deisel Price,09 1973,2.537
Deisel Price,09 1973,2.58
Deisel Price,09 1973,2.596
Deisel Price,09 1973,2.606
Deisel Price,09 1973,2.621
Deisel Price,09 1973,2.618
Deisel Price,09 1973,2.567
Deisel Price,09 1973,2.553
Deisel Price,09 1973,2.552
Deisel Price,09 1973,2.506
Deisel Price,09 1973,2.517
Deisel Price,09 1973,2.524
Deisel Price,09 1973,2.503
Deisel Price,09 1973,2.506
Deisel Price,09 1973,2.546
Deisel Price,09 1973,2.595
Deisel Price,09 1973,2.713
Deisel Price,09 1973,2.857
Deisel Price,09 1973,2.967
Deisel Price,08 1973,3.027
Deisel Price,08 1973,3.033
Deisel Price,08 1973,3.065
Deisel Price,08 1973,3.055
Deisel Price,08 1973,2.98
Deisel Price,08 1973,2.946
Deisel Price,08 1973,2.926
Deisel Price,08 1973,2.918
Deisel Price,08 1973,2.898
Deisel Price,08 1973,2.867
Deisel Price,08 1973,2.915
Deisel Price,08 1973,2.918
Deisel Price,08 1973,2.89
Deisel Price,08 1973,2.882
Deisel Price,08 1973,2.888
Deisel Price,08 1973,2.92
Deisel Price,08 1973,2.897
Deisel Price,08 1973,2.896
Deisel Price,08 1973,2.876
Deisel Price,08 1973,2.765
Deisel Price,08 1973,2.654
Deisel Price,08 1973,2.617
Deisel Price,08 1973,2.565
Deisel Price,08 1973,2.581
Deisel Price,08 1973,2.543
Deisel Price,08 1973,2.545
Deisel Price,08 1973,2.471
Deisel Price,08 1973,2.455
Deisel Price,08 1973,2.476
Deisel Price,08 1973,2.499
Deisel Price,08 1973,2.489
Deisel Price,08 1973,2.472
Deisel Price,08 1973,2.449
Deisel Price,08 1973,2.485
Deisel Price,08 1973,2.442
Deisel Price,08 1973,2.448
Deisel Price,08 1973,2.462
Deisel Price,08 1973,2.436
Deisel Price,08 1973,2.425
Deisel Price,08 1973,2.479
Deisel Price,08 1973,2.513
Deisel Price,08 1973,2.602
Deisel Price,08 1973,2.698
Deisel Price,08 1973,2.876
Deisel Price,07 1973,3.157
Deisel Price,07 1973,3.148
Deisel Price,07 1973,3.15
Deisel Price,07 1973,3.144
Deisel Price,07 1973,2.798
Deisel Price,07 1973,2.732
Deisel Price,07 1973,2.847
Deisel Price,07 1973,2.898
Deisel Price,07 1973,2.59
Deisel Price,07 1973,2.588
Deisel Price,07 1973,2.567
Deisel Price,07 1973,2.407
Deisel Price,07 1973,2.348
Deisel Price,07 1973,2.342
Deisel Price,07 1973,2.392
Deisel Price,07 1973,2.408
Deisel Price,07 1973,2.348
Deisel Price,07 1973,2.336
Deisel Price,07 1973,2.313
Deisel Price,07 1973,2.276
Deisel Price,07 1973,2.234
Deisel Price,07 1973,2.16
Deisel Price,07 1973,2.156
Deisel Price,07 1973,2.189
Deisel Price,07 1973,2.227
Deisel Price,07 1973,2.262
Deisel Price,07 1973,2.289
Deisel Price,07 1973,2.259
Deisel Price,07 1973,2.316
Deisel Price,07 1973,2.303
Deisel Price,07 1973,2.249
Deisel Price,07 1973,2.244
Deisel Price,07 1973,2.194
Deisel Price,07 1973,2.168
Deisel Price,07 1973,2.118
Deisel Price,07 1973,2.02
Deisel Price,07 1973,1.986
Deisel Price,07 1973,1.983
Deisel Price,07 1973,1.992
Deisel Price,07 1973,1.959
Deisel Price,07 1973,1.952
Deisel Price,07 1973,1.934
Deisel Price,07 1973,1.957
Deisel Price,07 1973,1.987
Deisel Price,06 1973,1.984
Deisel Price,06 1973,1.997
Deisel Price,06 1973,2.069
Deisel Price,06 1973,2.116
Deisel Price,06 1973,2.116
Deisel Price,06 1973,2.132
Deisel Price,06 1973,2.163
Deisel Price,06 1973,2.206
Deisel Price,06 1973,2.212
Deisel Price,06 1973,2.18
Deisel Price,06 1973,2.092
Deisel Price,06 1973,2.053
Deisel Price,06 1973,2.012
Deisel Price,06 1973,1.912
Deisel Price,06 1973,1.874
Deisel Price,06 1973,1.869
Deisel Price,06 1973,1.871
Deisel Price,06 1973,1.874
Deisel Price,06 1973,1.825
Deisel Price,06 1973,1.814
Deisel Price,06 1973,1.78
Deisel Price,06 1973,1.754
Deisel Price,06 1973,1.744
Deisel Price,06 1973,1.74
Deisel Price,06 1973,1.716
Deisel Price,06 1973,1.7
Deisel Price,06 1973,1.7
Deisel Price,06 1973,1.711
Deisel Price,06 1973,1.734
Deisel Price,06 1973,1.746
Deisel Price,06 1973,1.761
Deisel Price,06 1973,1.763
Deisel Price,06 1973,1.745
Deisel Price,06 1973,1.717
Deisel Price,06 1973,1.718
Deisel Price,06 1973,1.724
Deisel Price,06 1973,1.679
Deisel Price,06 1973,1.648
Deisel Price,06 1973,1.642
Deisel Price,06 1973,1.641
Deisel Price,06 1973,1.617
Deisel Price,06 1973,1.628
Deisel Price,06 1973,1.619
Deisel Price,05 1973,1.595
Deisel Price,05 1973,1.584
Deisel Price,05 1973,1.568
Deisel Price,05 1973,1.581
Deisel Price,05 1973,1.591
Deisel Price,05 1973,1.559
Deisel Price,05 1973,1.551
Deisel Price,05 1973,1.503
Deisel Price,05 1973,1.502
Deisel Price,05 1973,1.504
Deisel Price,05 1973,1.486
Deisel Price,05 1973,1.481
Deisel Price,05 1973,1.476
Deisel Price,05 1973,1.491
Deisel Price,05 1973,1.481
Deisel Price,05 1973,1.476
Deisel Price,05 1973,1.481
Deisel Price,05 1973,1.495
Deisel Price,05 1973,1.502
Deisel Price,05 1973,1.483
Deisel Price,05 1973,1.445
Deisel Price,05 1973,1.429
Deisel Price,05 1973,1.444
Deisel Price,05 1973,1.471
Deisel Price,05 1973,1.488
Deisel Price,05 1973,1.501
Deisel Price,05 1973,1.503
Deisel Price,05 1973,1.498
Deisel Price,05 1973,1.492
Deisel Price,05 1973,1.453
Deisel Price,05 1973,1.438
Deisel Price,05 1973,1.439
Deisel Price,05 1973,1.435
Deisel Price,05 1973,1.428
Deisel Price,05 1973,1.42
Deisel Price,05 1973,1.423
Deisel Price,05 1973,1.432
Deisel Price,05 1973,1.422
Deisel Price,05 1973,1.423
Deisel Price,05 1973,1.434
Deisel Price,05 1973,1.443
Deisel Price,05 1973,1.444
Deisel Price,05 1973,1.484
Deisel Price,05 1973,1.508
Deisel Price,05 1973,1.529
=======
Deisel Price,Dec 1973,2.797
Deisel Price,Dec 1973,2.732
Deisel Price,Dec 1973,2.726
Deisel Price,Dec 1973,2.748
Deisel Price,Dec 1973,2.772
Deisel Price,Dec 1973,2.775
Deisel Price,Dec 1973,2.787
Deisel Price,Dec 1973,2.79
Deisel Price,Dec 1973,2.801
Deisel Price,Dec 1973,2.808
Deisel Price,Dec 1973,2.801
Deisel Price,Dec 1973,2.705
Deisel Price,Dec 1973,2.6
Deisel Price,Dec 1973,2.582
Deisel Price,Dec 1973,2.601
Deisel Price,Dec 1973,2.622
Deisel Price,Dec 1973,2.634
Deisel Price,Dec 1973,2.647
Deisel Price,Dec 1973,2.674
Deisel Price,Dec 1973,2.668
Deisel Price,Dec 1973,2.652
Deisel Price,Dec 1973,2.625
Deisel Price,Dec 1973,2.55
Deisel Price,Dec 1973,2.528
Deisel Price,Dec 1973,2.496
Deisel Price,Dec 1973,2.542
Deisel Price,Dec 1973,2.594
Deisel Price,Dec 1973,2.608
Deisel Price,Dec 1973,2.616
Deisel Price,Dec 1973,2.572
Deisel Price,Dec 1973,2.498
Deisel Price,Dec 1973,2.352
Deisel Price,Dec 1973,2.274
Deisel Price,Dec 1973,2.231
Deisel Price,Dec 1973,2.216
Deisel Price,Dec 1973,2.185
Deisel Price,Dec 1973,2.201
Deisel Price,Dec 1973,2.221
Deisel Price,Dec 1973,2.229
Deisel Price,Dec 1973,2.228
Deisel Price,Dec 1973,2.221
Deisel Price,Dec 1973,2.09
Deisel Price,Dec 1973,2.017
Deisel Price,Dec 1973,2.045
Deisel Price,Dec 1973,2.087
Deisel Price,Nov 1973,2.13
Deisel Price,Nov 1973,2.186
Deisel Price,Nov 1973,2.219
Deisel Price,Nov 1973,2.246
Deisel Price,Nov 1973,2.268
Deisel Price,Nov 1973,2.296
Deisel Price,Nov 1973,2.314
Deisel Price,Nov 1973,2.291
Deisel Price,Nov 1973,2.327
Deisel Price,Nov 1973,2.366
Deisel Price,Nov 1973,2.422
Deisel Price,Nov 1973,2.515
Deisel Price,Nov 1973,2.615
Deisel Price,Nov 1973,2.664
Deisel Price,Nov 1973,2.809
Deisel Price,Nov 1973,2.944
Deisel Price,Nov 1973,3.088
Deisel Price,Nov 1973,3.288
Deisel Price,Nov 1973,3.482
Deisel Price,Nov 1973,3.659
Deisel Price,Nov 1973,3.875
Deisel Price,Nov 1973,3.959
Deisel Price,Nov 1973,3.958
Deisel Price,Nov 1973,4.023
Deisel Price,Nov 1973,4.059
Deisel Price,Nov 1973,4.121
Deisel Price,Nov 1973,4.145
Deisel Price,Nov 1973,4.207
Deisel Price,Nov 1973,4.353
Deisel Price,Nov 1973,4.502
Deisel Price,Nov 1973,4.603
Deisel Price,Nov 1973,4.718
Deisel Price,Nov 1973,4.764
Deisel Price,Nov 1973,4.727
Deisel Price,Nov 1973,4.645
Deisel Price,Nov 1973,4.648
Deisel Price,Nov 1973,4.692
Deisel Price,Nov 1973,4.692
Deisel Price,Nov 1973,4.707
Deisel Price,Nov 1973,4.723
Deisel Price,Nov 1973,4.497
Deisel Price,Nov 1973,4.331
Deisel Price,Nov 1973,4.149
Deisel Price,Oct 1973,4.177
Deisel Price,Oct 1973,4.143
Deisel Price,Oct 1973,4.059
Deisel Price,Oct 1973,3.955
Deisel Price,Oct 1973,3.964
Deisel Price,Oct 1973,3.989
Deisel Price,Oct 1973,3.974
Deisel Price,Oct 1973,3.819
Deisel Price,Oct 1973,3.658
Deisel Price,Oct 1973,3.552
Deisel Price,Oct 1973,3.396
Deisel Price,Oct 1973,3.28
Deisel Price,Oct 1973,3.28
Deisel Price,Oct 1973,3.259
Deisel Price,Oct 1973,3.27
Deisel Price,Oct 1973,3.326
Deisel Price,Oct 1973,3.376
Deisel Price,Oct 1973,3.345
Deisel Price,Oct 1973,3.308
Deisel Price,Oct 1973,3.309
Deisel Price,Oct 1973,3.325
Deisel Price,Oct 1973,3.416
Deisel Price,Oct 1973,3.444
Deisel Price,Oct 1973,3.41
Deisel Price,Oct 1973,3.425
Deisel Price,Oct 1973,3.303
Deisel Price,Oct 1973,3.157
Deisel Price,Oct 1973,3.094
Deisel Price,Oct 1973,3.039
Deisel Price,Oct 1973,3.035
Deisel Price,Oct 1973,3.048
Deisel Price,Oct 1973,3.032
Deisel Price,Oct 1973,2.964
Deisel Price,Oct 1973,2.924
Deisel Price,Oct 1973,2.893
Deisel Price,Oct 1973,2.863
Deisel Price,Oct 1973,2.868
Deisel Price,Oct 1973,2.847
Deisel Price,Oct 1973,2.898
Deisel Price,Oct 1973,2.886
Deisel Price,Oct 1973,2.889
Deisel Price,Oct 1973,2.889
Deisel Price,Oct 1973,2.849
Deisel Price,Oct 1973,2.829
Deisel Price,Sep 1973,2.835
Deisel Price,Sep 1973,2.805
Deisel Price,Sep 1973,2.792
Deisel Price,Sep 1973,2.799
Deisel Price,Sep 1973,2.817
Deisel Price,Sep 1973,2.803
Deisel Price,Sep 1973,2.773
Deisel Price,Sep 1973,2.792
Deisel Price,Sep 1973,2.811
Deisel Price,Sep 1973,2.851
Deisel Price,Sep 1973,2.877
Deisel Price,Sep 1973,2.84
Deisel Price,Sep 1973,2.79
Deisel Price,Sep 1973,2.676
Deisel Price,Sep 1973,2.681
Deisel Price,Sep 1973,2.685
Deisel Price,Sep 1973,2.626
Deisel Price,Sep 1973,2.551
Deisel Price,Sep 1973,2.491
Deisel Price,Sep 1973,2.476
Deisel Price,Sep 1973,2.435
Deisel Price,Sep 1973,2.413
Deisel Price,Sep 1973,2.43
Deisel Price,Sep 1973,2.463
Deisel Price,Sep 1973,2.537
Deisel Price,Sep 1973,2.58
Deisel Price,Sep 1973,2.596
Deisel Price,Sep 1973,2.606
Deisel Price,Sep 1973,2.621
Deisel Price,Sep 1973,2.618
Deisel Price,Sep 1973,2.567
Deisel Price,Sep 1973,2.553
Deisel Price,Sep 1973,2.552
Deisel Price,Sep 1973,2.506
Deisel Price,Sep 1973,2.517
Deisel Price,Sep 1973,2.524
Deisel Price,Sep 1973,2.503
Deisel Price,Sep 1973,2.506
Deisel Price,Sep 1973,2.546
Deisel Price,Sep 1973,2.595
Deisel Price,Sep 1973,2.713
Deisel Price,Sep 1973,2.857
Deisel Price,Sep 1973,2.967
Deisel Price,Aug 1973,3.027
Deisel Price,Aug 1973,3.033
Deisel Price,Aug 1973,3.065
Deisel Price,Aug 1973,3.055
Deisel Price,Aug 1973,2.98
Deisel Price,Aug 1973,2.946
Deisel Price,Aug 1973,2.926
Deisel Price,Aug 1973,2.918
Deisel Price,Aug 1973,2.898
Deisel Price,Aug 1973,2.867
Deisel Price,Aug 1973,2.915
Deisel Price,Aug 1973,2.918
Deisel Price,Aug 1973,2.89
Deisel Price,Aug 1973,2.882
Deisel Price,Aug 1973,2.888
Deisel Price,Aug 1973,2.92
Deisel Price,Aug 1973,2.897
Deisel Price,Aug 1973,2.896
Deisel Price,Aug 1973,2.876
Deisel Price,Aug 1973,2.765
Deisel Price,Aug 1973,2.654
Deisel Price,Aug 1973,2.617
Deisel Price,Aug 1973,2.565
Deisel Price,Aug 1973,2.581
Deisel Price,Aug 1973,2.543
Deisel Price,Aug 1973,2.545
Deisel Price,Aug 1973,2.471
Deisel Price,Aug 1973,2.455
Deisel Price,Aug 1973,2.476
Deisel Price,Aug 1973,2.499
Deisel Price,Aug 1973,2.489
Deisel Price,Aug 1973,2.472
Deisel Price,Aug 1973,2.449
Deisel Price,Aug 1973,2.485
Deisel Price,Aug 1973,2.442
Deisel Price,Aug 1973,2.448
Deisel Price,Aug 1973,2.462
Deisel Price,Aug 1973,2.436
Deisel Price,Aug 1973,2.425
Deisel Price,Aug 1973,2.479
Deisel Price,Aug 1973,2.513
Deisel Price,Aug 1973,2.602
Deisel Price,Aug 1973,2.698
Deisel Price,Aug 1973,2.876
Deisel Price,Jul 1973,3.157
Deisel Price,Jul 1973,3.148
Deisel Price,Jul 1973,3.15
Deisel Price,Jul 1973,3.144
Deisel Price,Jul 1973,2.798
Deisel Price,Jul 1973,2.732
Deisel Price,Jul 1973,2.847
Deisel Price,Jul 1973,2.898
Deisel Price,Jul 1973,2.59
Deisel Price,Jul 1973,2.588
Deisel Price,Jul 1973,2.567
Deisel Price,Jul 1973,2.407
Deisel Price,Jul 1973,2.348
Deisel Price,Jul 1973,2.342
Deisel Price,Jul 1973,2.392
Deisel Price,Jul 1973,2.408
Deisel Price,Jul 1973,2.348
Deisel Price,Jul 1973,2.336
Deisel Price,Jul 1973,2.313
Deisel Price,Jul 1973,2.276
Deisel Price,Jul 1973,2.234
Deisel Price,Jul 1973,2.16
Deisel Price,Jul 1973,2.156
Deisel Price,Jul 1973,2.189
Deisel Price,Jul 1973,2.227
Deisel Price,Jul 1973,2.262
Deisel Price,Jul 1973,2.289
Deisel Price,Jul 1973,2.259
Deisel Price,Jul 1973,2.316
Deisel Price,Jul 1973,2.303
Deisel Price,Jul 1973,2.249
Deisel Price,Jul 1973,2.244
Deisel Price,Jul 1973,2.194
Deisel Price,Jul 1973,2.168
Deisel Price,Jul 1973,2.118
Deisel Price,Jul 1973,2.02
Deisel Price,Jul 1973,1.986
Deisel Price,Jul 1973,1.983
Deisel Price,Jul 1973,1.992
Deisel Price,Jul 1973,1.959
Deisel Price,Jul 1973,1.952
Deisel Price,Jul 1973,1.934
Deisel Price,Jul 1973,1.957
Deisel Price,Jul 1973,1.987
Deisel Price,Jun 1973,1.984
Deisel Price,Jun 1973,1.997
Deisel Price,Jun 1973,2.069
Deisel Price,Jun 1973,2.116
Deisel Price,Jun 1973,2.116
Deisel Price,Jun 1973,2.132
Deisel Price,Jun 1973,2.163
Deisel Price,Jun 1973,2.206
Deisel Price,Jun 1973,2.212
Deisel Price,Jun 1973,2.18
Deisel Price,Jun 1973,2.092
Deisel Price,Jun 1973,2.053
Deisel Price,Jun 1973,2.012
Deisel Price,Jun 1973,1.912
Deisel Price,Jun 1973,1.874
Deisel Price,Jun 1973,1.869
Deisel Price,Jun 1973,1.871
Deisel Price,Jun 1973,1.874
Deisel Price,Jun 1973,1.825
Deisel Price,Jun 1973,1.814
Deisel Price,Jun 1973,1.78
Deisel Price,Jun 1973,1.754
Deisel Price,Jun 1973,1.744
Deisel Price,Jun 1973,1.74
Deisel Price,Jun 1973,1.716
Deisel Price,Jun 1973,1.7
Deisel Price,Jun 1973,1.7
Deisel Price,Jun 1973,1.711
Deisel Price,Jun 1973,1.734
Deisel Price,Jun 1973,1.746
Deisel Price,Jun 1973,1.761
Deisel Price,Jun 1973,1.763
Deisel Price,Jun 1973,1.745
Deisel Price,Jun 1973,1.717
Deisel Price,Jun 1973,1.718
Deisel Price,Jun 1973,1.724
Deisel Price,Jun 1973,1.679
Deisel Price,Jun 1973,1.648
Deisel Price,Jun 1973,1.642
Deisel Price,Jun 1973,1.641
Deisel Price,Jun 1973,1.617
Deisel Price,Jun 1973,1.628
Deisel Price,Jun 1973,1.619
Deisel Price,May 1973,1.595
Deisel Price,May 1973,1.584
Deisel Price,May 1973,1.568
Deisel Price,May 1973,1.581
Deisel Price,May 1973,1.591
Deisel Price,May 1973,1.559
Deisel Price,May 1973,1.551
Deisel Price,May 1973,1.503
Deisel Price,May 1973,1.502
Deisel Price,May 1973,1.504
Deisel Price,May 1973,1.486
Deisel Price,May 1973,1.481
Deisel Price,May 1973,1.476
Deisel Price,May 1973,1.491
Deisel Price,May 1973,1.481
Deisel Price,May 1973,1.476
Deisel Price,May 1973,1.481
Deisel Price,May 1973,1.495
Deisel Price,May 1973,1.502
Deisel Price,May 1973,1.483
Deisel Price,May 1973,1.445
Deisel Price,May 1973,1.429
Deisel Price,May 1973,1.444
Deisel Price,May 1973,1.471
Deisel Price,May 1973,1.488
Deisel Price,May 1973,1.501
Deisel Price,May 1973,1.503
Deisel Price,May 1973,1.498
Deisel Price,May 1973,1.492
Deisel Price,May 1973,1.453
Deisel Price,May 1973,1.438
Deisel Price,May 1973,1.439
Deisel Price,May 1973,1.435
Deisel Price,May 1973,1.428
Deisel Price,May 1973,1.42
Deisel Price,May 1973,1.423
Deisel Price,May 1973,1.432
Deisel Price,May 1973,1.422
Deisel Price,May 1973,1.423
Deisel Price,May 1973,1.434
Deisel Price,May 1973,1.443
Deisel Price,May 1973,1.444
Deisel Price,May 1973,1.484
Deisel Price,May 1973,1.508
Deisel Price,May 1973,1.529
>>>>>>> 74f4b9f0087ee0747a2a1607e52e5c4a43cf82af
Deisel Price,Apr 1973,1.539
Deisel Price,Apr 1973,1.554
Deisel Price,Apr 1973,1.602
Deisel Price,Apr 1973,1.662
Deisel Price,Apr 1973,1.752
Deisel Price,Apr 1973,1.771
Deisel Price,Apr 1973,1.753
Deisel Price,Apr 1973,1.709
Deisel Price,Apr 1973,1.704
Deisel Price,Apr 1973,1.662
Deisel Price,Apr 1973,1.542
Deisel Price,Apr 1973,1.492
Deisel Price,Apr 1973,1.48
Deisel Price,Apr 1973,1.478
Deisel Price,Apr 1973,1.501
Deisel Price,Apr 1973,1.491
Deisel Price,Apr 1973,1.44
Deisel Price,Apr 1973,1.401
Deisel Price,Apr 1973,1.405
Deisel Price,Apr 1973,1.407
Deisel Price,Apr 1973,1.405
Deisel Price,Apr 1973,1.405
Deisel Price,Apr 1973,1.427
Deisel Price,Apr 1973,1.442
Deisel Price,Apr 1973,1.456
Deisel Price,Apr 1973,1.469
Deisel Price,Apr 1973,1.461
Deisel Price,Apr 1973,1.46
Deisel Price,Apr 1973,1.438
Deisel Price,Apr 1973,1.417
Deisel Price,Apr 1973,1.414
Deisel Price,Apr 1973,1.396
Deisel Price,Apr 1973,1.388
Deisel Price,Apr 1973,1.37
Deisel Price,Apr 1973,1.333
Deisel Price,Apr 1973,1.303
Deisel Price,Apr 1973,1.304
Deisel Price,Apr 1973,1.303
Deisel Price,Apr 1973,1.311
Deisel Price,Apr 1973,1.3
Deisel Price,Apr 1973,1.294
Deisel Price,Apr 1973,1.289
Deisel Price,Mar 1973,1.281
Deisel Price,Mar 1973,1.275
Deisel Price,Mar 1973,1.286
Deisel Price,Mar 1973,1.3
Deisel Price,Mar 1973,1.308
Deisel Price,Mar 1973,1.309
Deisel Price,Mar 1973,1.299
Deisel Price,Mar 1973,1.305
Deisel Price,Mar 1973,1.302
Deisel Price,Mar 1973,1.304
Deisel Price,Mar 1973,1.32
Deisel Price,Mar 1973,1.323
Deisel Price,Mar 1973,1.295
Deisel Price,Mar 1973,1.281
Deisel Price,Mar 1973,1.251
Deisel Price,Mar 1973,1.216
Deisel Price,Mar 1973,1.173
Deisel Price,Mar 1973,1.154
Deisel Price,Mar 1973,1.156
Deisel Price,Mar 1973,1.153
Deisel Price,Mar 1973,1.144
Deisel Price,Mar 1973,1.144
Deisel Price,Mar 1973,1.14
Deisel Price,Mar 1973,1.159
Deisel Price,Mar 1973,1.168
Deisel Price,Mar 1973,1.169
Deisel Price,Mar 1973,1.154
Deisel Price,Mar 1973,1.143
Deisel Price,Mar 1973,1.173
Deisel Price,Mar 1973,1.194
Deisel Price,Mar 1973,1.223
Deisel Price,Mar 1973,1.252
Deisel Price,Mar 1973,1.269
Deisel Price,Mar 1973,1.291
Deisel Price,Mar 1973,1.31
Deisel Price,Mar 1973,1.318
Deisel Price,Mar 1973,1.353
Deisel Price,Mar 1973,1.371
Deisel Price,Mar 1973,1.39
Deisel Price,Mar 1973,1.473
Deisel Price,Mar 1973,1.527
Deisel Price,Mar 1973,1.492
Deisel Price,Mar 1973,1.488
Deisel Price,Mar 1973,1.452
Deisel Price,Mar 1973,1.394
Deisel Price,Feb 1973,1.367
Deisel Price,Feb 1973,1.345
Deisel Price,Feb 1973,1.347
Deisel Price,Feb 1973,1.348
Deisel Price,Feb 1973,1.38
Deisel Price,Feb 1973,1.392
Deisel Price,Feb 1973,1.407
Deisel Price,Feb 1973,1.447
Deisel Price,Feb 1973,1.48
Deisel Price,Feb 1973,1.486
Deisel Price,Feb 1973,1.514
Deisel Price,Feb 1973,1.529
Deisel Price,Feb 1973,1.494
Deisel Price,Feb 1973,1.491
Deisel Price,Feb 1973,1.47
Deisel Price,Feb 1973,1.442
Deisel Price,Feb 1973,1.443
Deisel Price,Feb 1973,1.437
Deisel Price,Feb 1973,1.397
Deisel Price,Feb 1973,1.391
Deisel Price,Feb 1973,1.379
Deisel Price,Feb 1973,1.392
Deisel Price,Feb 1973,1.406
Deisel Price,Feb 1973,1.42
Deisel Price,Feb 1973,1.451
Deisel Price,Feb 1973,1.48
Deisel Price,Feb 1973,1.518
Deisel Price,Feb 1973,1.52
Deisel Price,Feb 1973,1.539
Deisel Price,Feb 1973,1.528
Deisel Price,Feb 1973,1.509
Deisel Price,Feb 1973,1.52
Deisel Price,Feb 1973,1.522
Deisel Price,Feb 1973,1.515
Deisel Price,Feb 1973,1.545
Deisel Price,Feb 1973,1.577
Deisel Price,Feb 1973,1.622
Deisel Price,Feb 1973,1.645
Deisel Price,Feb 1973,1.627
Deisel Price,Feb 1973,1.603
Deisel Price,Jan 1973,1.61
Deisel Price,Jan 1973,1.629
Deisel Price,Jan 1973,1.648
Deisel Price,Jan 1973,1.67
Deisel Price,Jan 1973,1.614
Deisel Price,Jan 1973,1.625
Deisel Price,Jan 1973,1.657
Deisel Price,Jan 1973,1.653
Deisel Price,Jan 1973,1.629
Deisel Price,Jan 1973,1.609
Deisel Price,Jan 1973,1.536
Deisel Price,Jan 1973,1.471
Deisel Price,Jan 1973,1.447
Deisel Price,Jan 1973,1.41
Deisel Price,Jan 1973,1.408
Deisel Price,Jan 1973,1.424
Deisel Price,Jan 1973,1.435
Deisel Price,Jan 1973,1.449
Deisel Price,Jan 1973,1.453
Deisel Price,Jan 1973,1.432
Deisel Price,Jan 1973,1.423
Deisel Price,Jan 1973,1.411
Deisel Price,Jan 1973,1.419
Deisel Price,Jan 1973,1.431
Deisel Price,Jan 1973,1.432
Deisel Price,Jan 1973,1.415
Deisel Price,Jan 1973,1.402
Deisel Price,Jan 1973,1.418
Deisel Price,Jan 1973,1.428
Deisel Price,Jan 1973,1.398
Deisel Price,Jan 1973,1.419
Deisel Price,Jan 1973,1.442
Deisel Price,Jan 1973,1.451
Deisel Price,Jan 1973,1.479
Deisel Price,Jan 1973,1.496
Deisel Price,Jan 1973,1.49
Deisel Price,Jan 1973,1.461
Deisel Price,Jan 1973,1.456
Deisel Price,Jan 1973,1.456
Deisel Price,Jan 1973,1.47
Deisel Price,Jan 1973,1.439
Deisel Price,Jan 1973,1.418
Deisel Price,Jan 1973,1.307
Deisel Price,Jan 1973,1.307
<<<<<<< HEAD
Deisel Price,12 1972,1.309
Deisel Price,12 1972,1.298
Deisel Price,12 1972,1.287
Deisel Price,12 1972,1.288
Deisel Price,12 1972,1.294
Deisel Price,12 1972,1.304
Deisel Price,12 1972,1.289
Deisel Price,12 1972,1.261
Deisel Price,12 1972,1.234
Deisel Price,12 1972,1.229
Deisel Price,12 1972,1.226
Deisel Price,12 1972,1.224
Deisel Price,12 1972,1.228
Deisel Price,12 1972,1.234
Deisel Price,12 1972,1.226
Deisel Price,12 1972,1.226
Deisel Price,12 1972,1.209
Deisel Price,12 1972,1.198
Deisel Price,12 1972,1.194
Deisel Price,12 1972,1.186
Deisel Price,12 1972,1.178
Deisel Price,12 1972,1.156
Deisel Price,12 1972,1.146
Deisel Price,12 1972,1.137
Deisel Price,12 1972,1.133
Deisel Price,12 1972,1.114
Deisel Price,12 1972,1.102
Deisel Price,12 1972,1.087
Deisel Price,12 1972,1.082
Deisel Price,12 1972,1.068
Deisel Price,12 1972,1.059
Deisel Price,12 1972,1.065
Deisel Price,12 1972,1.066
Deisel Price,12 1972,1.075
Deisel Price,12 1972,1.083
Deisel Price,12 1972,1.078
Deisel Price,12 1972,1.078
Deisel Price,12 1972,1.08
Deisel Price,12 1972,1.084
Deisel Price,12 1972,1.075
Deisel Price,12 1972,1.046
Deisel Price,12 1972,1.018
Deisel Price,12 1972,1.0
Deisel Price,12 1972,0.964
Deisel Price,11 1972,0.956
Deisel Price,11 1972,0.953
Deisel Price,11 1972,0.959
Deisel Price,11 1972,0.962
Deisel Price,11 1972,0.962
Deisel Price,11 1972,0.964
Deisel Price,11 1972,0.97
Deisel Price,11 1972,0.967
Deisel Price,11 1972,0.965
Deisel Price,11 1972,0.966
Deisel Price,11 1972,0.968
Deisel Price,11 1972,0.972
Deisel Price,11 1972,0.986
Deisel Price,11 1972,1.004
Deisel Price,11 1972,1.012
Deisel Price,11 1972,1.026
Deisel Price,11 1972,1.034
Deisel Price,11 1972,1.035
Deisel Price,11 1972,1.036
Deisel Price,11 1972,1.036
Deisel Price,11 1972,1.041
Deisel Price,11 1972,1.041
Deisel Price,11 1972,1.039
Deisel Price,11 1972,1.03
Deisel Price,11 1972,1.019
Deisel Price,11 1972,1.009
Deisel Price,11 1972,1.0
Deisel Price,11 1972,1.004
Deisel Price,11 1972,1.007
Deisel Price,11 1972,1.01
Deisel Price,11 1972,1.016
Deisel Price,11 1972,1.02
Deisel Price,11 1972,1.027
Deisel Price,11 1972,1.031
Deisel Price,11 1972,1.036
Deisel Price,11 1972,1.034
Deisel Price,11 1972,1.033
Deisel Price,11 1972,1.04
Deisel Price,11 1972,1.045
Deisel Price,11 1972,1.053
Deisel Price,11 1972,1.06
Deisel Price,11 1972,1.069
Deisel Price,11 1972,1.075
Deisel Price,10 1972,1.072
Deisel Price,10 1972,1.07
Deisel Price,10 1972,1.065
Deisel Price,10 1972,1.065
Deisel Price,10 1972,1.067
Deisel Price,10 1972,1.068
Deisel Price,10 1972,1.049
Deisel Price,10 1972,1.057
Deisel Price,10 1972,1.066
Deisel Price,10 1972,1.074
Deisel Price,10 1972,1.079
Deisel Price,10 1972,1.082
Deisel Price,10 1972,1.085
Deisel Price,10 1972,1.091
Deisel Price,10 1972,1.096
Deisel Price,10 1972,1.109
Deisel Price,10 1972,1.126
Deisel Price,10 1972,1.147
Deisel Price,10 1972,1.15
Deisel Price,10 1972,1.155
Deisel Price,10 1972,1.162
Deisel Price,10 1972,1.174
Deisel Price,10 1972,1.189
Deisel Price,10 1972,1.193
Deisel Price,10 1972,1.195
Deisel Price,10 1972,1.19
Deisel Price,10 1972,1.188
Deisel Price,10 1972,1.185
Deisel Price,10 1972,1.185
Deisel Price,10 1972,1.185
Deisel Price,10 1972,1.175
Deisel Price,10 1972,1.16
Deisel Price,10 1972,1.154
Deisel Price,10 1972,1.156
Deisel Price,10 1972,1.163
Deisel Price,10 1972,1.165
Deisel Price,10 1972,1.169
Deisel Price,10 1972,1.167
Deisel Price,10 1972,1.168
Deisel Price,10 1972,1.155
Deisel Price,10 1972,1.145
Deisel Price,10 1972,1.147
Deisel Price,10 1972,1.152
Deisel Price,10 1972,1.159
Deisel Price,09 1972,1.153
Deisel Price,09 1972,1.162
Deisel Price,09 1972,1.172
Deisel Price,09 1972,1.187
Deisel Price,09 1972,1.19
Deisel Price,09 1972,1.196
Deisel Price,09 1972,1.191
Deisel Price,09 1972,1.191
Deisel Price,09 1972,1.205
Deisel Price,09 1972,1.205
Deisel Price,09 1972,1.211
Deisel Price,09 1972,1.216
Deisel Price,09 1972,1.217
Deisel Price,09 1972,1.225
Deisel Price,09 1972,1.22
Deisel Price,09 1972,1.22
Deisel Price,09 1972,1.23
Deisel Price,09 1972,1.252
Deisel Price,09 1972,1.269
Deisel Price,09 1972,1.278
Deisel Price,09 1972,1.285
Deisel Price,09 1972,1.288
Deisel Price,09 1972,1.283
Deisel Price,09 1972,1.293
Deisel Price,09 1972,1.296
Deisel Price,09 1972,1.291
Deisel Price,09 1972,1.295
Deisel Price,09 1972,1.3
Deisel Price,09 1972,1.307
Deisel Price,09 1972,1.32
Deisel Price,09 1972,1.323
Deisel Price,09 1972,1.327
Deisel Price,09 1972,1.324
Deisel Price,09 1972,1.316
Deisel Price,09 1972,1.323
Deisel Price,09 1972,1.329
Deisel Price,09 1972,1.329
Deisel Price,09 1972,1.326
Deisel Price,09 1972,1.308
Deisel Price,09 1972,1.289
Deisel Price,09 1972,1.277
Deisel Price,09 1972,1.276
Deisel Price,09 1972,1.25
Deisel Price,08 1972,1.231
Deisel Price,08 1972,1.222
Deisel Price,08 1972,1.206
Deisel Price,08 1972,1.191
Deisel Price,08 1972,1.184
Deisel Price,08 1972,1.178
Deisel Price,08 1972,1.184
Deisel Price,08 1972,1.178
Deisel Price,08 1972,1.173
Deisel Price,08 1972,1.172
Deisel Price,08 1972,1.179
Deisel Price,08 1972,1.193
Deisel Price,08 1972,1.215
Deisel Price,08 1972,1.24
Deisel Price,08 1972,1.254
Deisel Price,08 1972,1.274
Deisel Price,08 1972,1.285
Deisel Price,08 1972,1.292
Deisel Price,08 1972,1.285
Deisel Price,08 1972,1.304
Deisel Price,08 1972,1.305
Deisel Price,08 1972,1.249
Deisel Price,08 1972,1.222
Deisel Price,08 1972,1.21
Deisel Price,08 1972,1.172
Deisel Price,08 1972,1.173
Deisel Price,08 1972,1.175
Deisel Price,08 1972,1.164
Deisel Price,08 1972,1.151
Deisel Price,08 1972,1.134
Deisel Price,08 1972,1.13
Deisel Price,08 1972,1.136
Deisel Price,08 1972,1.144
Deisel Price,08 1972,1.152
Deisel Price,08 1972,1.146
Deisel Price,08 1972,1.148
Deisel Price,08 1972,1.141
Deisel Price,08 1972,1.13
Deisel Price,08 1972,1.124
Deisel Price,08 1972,1.123
Deisel Price,08 1972,1.124
Deisel Price,08 1972,1.119
Deisel Price,08 1972,1.118
Deisel Price,08 1972,1.118
Deisel Price,08 1972,1.11
Deisel Price,07 1972,1.114
Deisel Price,07 1972,1.117
Deisel Price,07 1972,1.117
Deisel Price,07 1972,1.117
Deisel Price,07 1972,1.121
Deisel Price,07 1972,1.122
Deisel Price,07 1972,1.119
Deisel Price,07 1972,1.115
Deisel Price,07 1972,1.109
Deisel Price,07 1972,1.106
Deisel Price,07 1972,1.106
Deisel Price,07 1972,1.099
Deisel Price,07 1972,1.093
Deisel Price,07 1972,1.098
Deisel Price,07 1972,1.099
Deisel Price,07 1972,1.103
Deisel Price,07 1972,1.106
Deisel Price,07 1972,1.112
Deisel Price,07 1972,1.117
Deisel Price,07 1972,1.122
Deisel Price,07 1972,1.124
Deisel Price,07 1972,1.13
Deisel Price,07 1972,1.124
Deisel Price,07 1972,1.126
Deisel Price,07 1972,1.126
Deisel Price,07 1972,1.119
Deisel Price,07 1972,1.115
Deisel Price,07 1972,1.106
Deisel Price,07 1972,1.101
Deisel Price,07 1972,1.094
Deisel Price,07 1972,1.088
Deisel Price,07 1972,1.085
Deisel Price,07 1972,1.088
Deisel Price,07 1972,1.089
Deisel Price,07 1972,1.089
Deisel Price,07 1972,1.088
Deisel Price,07 1972,1.088
Deisel Price,07 1972,1.086
Deisel Price,07 1972,1.09
Deisel Price,07 1972,1.095
Deisel Price,07 1972,1.1
Deisel Price,07 1972,1.102
Deisel Price,07 1972,1.104
=======
Deisel Price,Dec 1972,1.309
Deisel Price,Dec 1972,1.298
Deisel Price,Dec 1972,1.287
Deisel Price,Dec 1972,1.288
Deisel Price,Dec 1972,1.294
Deisel Price,Dec 1972,1.304
Deisel Price,Dec 1972,1.289
Deisel Price,Dec 1972,1.261
Deisel Price,Dec 1972,1.234
Deisel Price,Dec 1972,1.229
Deisel Price,Dec 1972,1.226
Deisel Price,Dec 1972,1.224
Deisel Price,Dec 1972,1.228
Deisel Price,Dec 1972,1.234
Deisel Price,Dec 1972,1.226
Deisel Price,Dec 1972,1.226
Deisel Price,Dec 1972,1.209
Deisel Price,Dec 1972,1.198
Deisel Price,Dec 1972,1.194
Deisel Price,Dec 1972,1.186
Deisel Price,Dec 1972,1.178
Deisel Price,Dec 1972,1.156
Deisel Price,Dec 1972,1.146
Deisel Price,Dec 1972,1.137
Deisel Price,Dec 1972,1.133
Deisel Price,Dec 1972,1.114
Deisel Price,Dec 1972,1.102
Deisel Price,Dec 1972,1.087
Deisel Price,Dec 1972,1.082
Deisel Price,Dec 1972,1.068
Deisel Price,Dec 1972,1.059
Deisel Price,Dec 1972,1.065
Deisel Price,Dec 1972,1.066
Deisel Price,Dec 1972,1.075
Deisel Price,Dec 1972,1.083
Deisel Price,Dec 1972,1.078
Deisel Price,Dec 1972,1.078
Deisel Price,Dec 1972,1.08
Deisel Price,Dec 1972,1.084
Deisel Price,Dec 1972,1.075
Deisel Price,Dec 1972,1.046
Deisel Price,Dec 1972,1.018
Deisel Price,Dec 1972,1.0
Deisel Price,Dec 1972,0.964
Deisel Price,Nov 1972,0.956
Deisel Price,Nov 1972,0.953
Deisel Price,Nov 1972,0.959
Deisel Price,Nov 1972,0.962
Deisel Price,Nov 1972,0.962
Deisel Price,Nov 1972,0.964
Deisel Price,Nov 1972,0.97
Deisel Price,Nov 1972,0.967
Deisel Price,Nov 1972,0.965
Deisel Price,Nov 1972,0.966
Deisel Price,Nov 1972,0.968
Deisel Price,Nov 1972,0.972
Deisel Price,Nov 1972,0.986
Deisel Price,Nov 1972,1.004
Deisel Price,Nov 1972,1.012
Deisel Price,Nov 1972,1.026
Deisel Price,Nov 1972,1.034
Deisel Price,Nov 1972,1.035
Deisel Price,Nov 1972,1.036
Deisel Price,Nov 1972,1.036
Deisel Price,Nov 1972,1.041
Deisel Price,Nov 1972,1.041
Deisel Price,Nov 1972,1.039
Deisel Price,Nov 1972,1.03
Deisel Price,Nov 1972,1.019
Deisel Price,Nov 1972,1.009
Deisel Price,Nov 1972,1.0
Deisel Price,Nov 1972,1.004
Deisel Price,Nov 1972,1.007
Deisel Price,Nov 1972,1.01
Deisel Price,Nov 1972,1.016
Deisel Price,Nov 1972,1.02
Deisel Price,Nov 1972,1.027
Deisel Price,Nov 1972,1.031
Deisel Price,Nov 1972,1.036
Deisel Price,Nov 1972,1.034
Deisel Price,Nov 1972,1.033
Deisel Price,Nov 1972,1.04
Deisel Price,Nov 1972,1.045
Deisel Price,Nov 1972,1.053
Deisel Price,Nov 1972,1.06
Deisel Price,Nov 1972,1.069
Deisel Price,Nov 1972,1.075
Deisel Price,Oct 1972,1.072
Deisel Price,Oct 1972,1.07
Deisel Price,Oct 1972,1.065
Deisel Price,Oct 1972,1.065
Deisel Price,Oct 1972,1.067
Deisel Price,Oct 1972,1.068
Deisel Price,Oct 1972,1.049
Deisel Price,Oct 1972,1.057
Deisel Price,Oct 1972,1.066
Deisel Price,Oct 1972,1.074
Deisel Price,Oct 1972,1.079
Deisel Price,Oct 1972,1.082
Deisel Price,Oct 1972,1.085
Deisel Price,Oct 1972,1.091
Deisel Price,Oct 1972,1.096
Deisel Price,Oct 1972,1.109
Deisel Price,Oct 1972,1.126
Deisel Price,Oct 1972,1.147
Deisel Price,Oct 1972,1.15
Deisel Price,Oct 1972,1.155
Deisel Price,Oct 1972,1.162
Deisel Price,Oct 1972,1.174
Deisel Price,Oct 1972,1.189
Deisel Price,Oct 1972,1.193
Deisel Price,Oct 1972,1.195
Deisel Price,Oct 1972,1.19
Deisel Price,Oct 1972,1.188
Deisel Price,Oct 1972,1.185
Deisel Price,Oct 1972,1.185
Deisel Price,Oct 1972,1.185
Deisel Price,Oct 1972,1.175
Deisel Price,Oct 1972,1.16
Deisel Price,Oct 1972,1.154
Deisel Price,Oct 1972,1.156
Deisel Price,Oct 1972,1.163
Deisel Price,Oct 1972,1.165
Deisel Price,Oct 1972,1.169
Deisel Price,Oct 1972,1.167
Deisel Price,Oct 1972,1.168
Deisel Price,Oct 1972,1.155
Deisel Price,Oct 1972,1.145
Deisel Price,Oct 1972,1.147
Deisel Price,Oct 1972,1.152
Deisel Price,Oct 1972,1.159
Deisel Price,Sep 1972,1.153
Deisel Price,Sep 1972,1.162
Deisel Price,Sep 1972,1.172
Deisel Price,Sep 1972,1.187
Deisel Price,Sep 1972,1.19
Deisel Price,Sep 1972,1.196
Deisel Price,Sep 1972,1.191
Deisel Price,Sep 1972,1.191
Deisel Price,Sep 1972,1.205
Deisel Price,Sep 1972,1.205
Deisel Price,Sep 1972,1.211
Deisel Price,Sep 1972,1.216
Deisel Price,Sep 1972,1.217
Deisel Price,Sep 1972,1.225
Deisel Price,Sep 1972,1.22
Deisel Price,Sep 1972,1.22
Deisel Price,Sep 1972,1.23
Deisel Price,Sep 1972,1.252
Deisel Price,Sep 1972,1.269
Deisel Price,Sep 1972,1.278
Deisel Price,Sep 1972,1.285
Deisel Price,Sep 1972,1.288
Deisel Price,Sep 1972,1.283
Deisel Price,Sep 1972,1.293
Deisel Price,Sep 1972,1.296
Deisel Price,Sep 1972,1.291
Deisel Price,Sep 1972,1.295
Deisel Price,Sep 1972,1.3
Deisel Price,Sep 1972,1.307
Deisel Price,Sep 1972,1.32
Deisel Price,Sep 1972,1.323
Deisel Price,Sep 1972,1.327
Deisel Price,Sep 1972,1.324
Deisel Price,Sep 1972,1.316
Deisel Price,Sep 1972,1.323
Deisel Price,Sep 1972,1.329
Deisel Price,Sep 1972,1.329
Deisel Price,Sep 1972,1.326
Deisel Price,Sep 1972,1.308
Deisel Price,Sep 1972,1.289
Deisel Price,Sep 1972,1.277
Deisel Price,Sep 1972,1.276
Deisel Price,Sep 1972,1.25
Deisel Price,Aug 1972,1.231
Deisel Price,Aug 1972,1.222
Deisel Price,Aug 1972,1.206
Deisel Price,Aug 1972,1.191
Deisel Price,Aug 1972,1.184
Deisel Price,Aug 1972,1.178
Deisel Price,Aug 1972,1.184
Deisel Price,Aug 1972,1.178
Deisel Price,Aug 1972,1.173
Deisel Price,Aug 1972,1.172
Deisel Price,Aug 1972,1.179
Deisel Price,Aug 1972,1.193
Deisel Price,Aug 1972,1.215
Deisel Price,Aug 1972,1.24
Deisel Price,Aug 1972,1.254
Deisel Price,Aug 1972,1.274
Deisel Price,Aug 1972,1.285
Deisel Price,Aug 1972,1.292
Deisel Price,Aug 1972,1.285
Deisel Price,Aug 1972,1.304
Deisel Price,Aug 1972,1.305
Deisel Price,Aug 1972,1.249
Deisel Price,Aug 1972,1.222
Deisel Price,Aug 1972,1.21
Deisel Price,Aug 1972,1.172
Deisel Price,Aug 1972,1.173
Deisel Price,Aug 1972,1.175
Deisel Price,Aug 1972,1.164
Deisel Price,Aug 1972,1.151
Deisel Price,Aug 1972,1.134
Deisel Price,Aug 1972,1.13
Deisel Price,Aug 1972,1.136
Deisel Price,Aug 1972,1.144
Deisel Price,Aug 1972,1.152
Deisel Price,Aug 1972,1.146
Deisel Price,Aug 1972,1.148
Deisel Price,Aug 1972,1.141
Deisel Price,Aug 1972,1.13
Deisel Price,Aug 1972,1.124
Deisel Price,Aug 1972,1.123
Deisel Price,Aug 1972,1.124
Deisel Price,Aug 1972,1.119
Deisel Price,Aug 1972,1.118
Deisel Price,Aug 1972,1.118
Deisel Price,Aug 1972,1.11
Deisel Price,Jul 1972,1.114
Deisel Price,Jul 1972,1.117
Deisel Price,Jul 1972,1.117
Deisel Price,Jul 1972,1.117
Deisel Price,Jul 1972,1.121
Deisel Price,Jul 1972,1.122
Deisel Price,Jul 1972,1.119
Deisel Price,Jul 1972,1.115
Deisel Price,Jul 1972,1.109
Deisel Price,Jul 1972,1.106
Deisel Price,Jul 1972,1.106
Deisel Price,Jul 1972,1.099
Deisel Price,Jul 1972,1.093
Deisel Price,Jul 1972,1.098
Deisel Price,Jul 1972,1.099
Deisel Price,Jul 1972,1.103
Deisel Price,Jul 1972,1.106
Deisel Price,Jul 1972,1.112
Deisel Price,Jul 1972,1.117
Deisel Price,Jul 1972,1.122
Deisel Price,Jul 1972,1.124
Deisel Price,Jul 1972,1.13
Deisel Price,Jul 1972,1.124
Deisel Price,Jul 1972,1.126
Deisel Price,Jul 1972,1.126
Deisel Price,Jul 1972,1.119
Deisel Price,Jul 1972,1.115
Deisel Price,Jul 1972,1.106
Deisel Price,Jul 1972,1.101
Deisel Price,Jul 1972,1.094
Deisel Price,Jul 1972,1.088
Deisel Price,Jul 1972,1.085
Deisel Price,Jul 1972,1.088
Deisel Price,Jul 1972,1.089
Deisel Price,Jul 1972,1.089
Deisel Price,Jul 1972,1.088
Deisel Price,Jul 1972,1.088
Deisel Price,Jul 1972,1.086
Deisel Price,Jul 1972,1.09
Deisel Price,Jul 1972,1.095
Deisel Price,Jul 1972,1.1
Deisel Price,Jul 1972,1.102
Deisel Price,Jul 1972,1.104
>>>>>>> 74f4b9f0087ee0747a2a1607e52e5c4a43cf82af
Passenger Number,Apr 1974,57701908
Passenger Number,Apr 1974,61370145
Passenger Number,Apr 1974,65096910
Passenger Number,Apr 1974,64604254
Passenger Number,Apr 1974,67010417
Passenger Number,Apr 1974,63945742
Passenger Number,Apr 1974,75282750
Passenger Number,Apr 1974,76678962
Passenger Number,Apr 1974,73508479
Passenger Number,Mar 1974,70062071
Passenger Number,Mar 1974,67709574
Passenger Number,Mar 1974,70600385
Passenger Number,Mar 1974,58161675
Passenger Number,Mar 1974,60280261
Passenger Number,Mar 1974,65077463
Passenger Number,Mar 1974,63800773
Passenger Number,Mar 1974,67305750
Passenger Number,Mar 1974,64199394
Passenger Number,Mar 1974,73152649
Passenger Number,Feb 1974,76928673
Passenger Number,Feb 1974,72591524
Passenger Number,Feb 1974,69917366
Passenger Number,Feb 1974,66395631
Passenger Number,Feb 1974,69123133
Passenger Number,Feb 1974,54602428
Passenger Number,Feb 1974,58973763
Passenger Number,Feb 1974,63992078
Passenger Number,Feb 1974,63071833
Passenger Number,Jan 1974,67700757
Passenger Number,Jan 1974,62903857
Passenger Number,Jan 1974,72688674
Passenger Number,Jan 1974,75169345
Passenger Number,Jan 1974,71096629
Passenger Number,Jan 1974,67223086
Passenger Number,Jan 1974,64896774
Passenger Number,Jan 1974,67703397
Passenger Number,Jan 1974,53134779
Passenger Number,Jan 1974,57895059
<<<<<<< HEAD
Passenger Number,12 1973,62452681
Passenger Number,12 1973,59678546
Passenger Number,12 1973,64184934
Passenger Number,12 1973,59894800
Passenger Number,12 1973,71413001
Passenger Number,12 1973,74422572
Passenger Number,12 1973,69097663
Passenger Number,12 1973,64757794
Passenger Number,12 1973,64877586
Passenger Number,12 1973,66043684
Passenger Number,11 1973,54093004
Passenger Number,11 1973,56900323
Passenger Number,11 1973,62717151
Passenger Number,11 1973,58914304
Passenger Number,11 1973,64877513
Passenger Number,11 1973,59411465
Passenger Number,11 1973,74294212
Passenger Number,11 1973,76851301
Passenger Number,11 1973,73972942
Passenger Number,11 1973,71649414
Passenger Number,10 1973,68572218
Passenger Number,10 1973,73407830
Passenger Number,10 1973,61766845
Passenger Number,10 1973,63012616
Passenger Number,10 1973,66389836
Passenger Number,10 1973,67051384
Passenger Number,10 1973,69590307
Passenger Number,10 1973,64632355
Passenger Number,10 1973,77780379
Passenger Number,10 1973,78928090
Passenger Number,10 1973,75664811
Passenger Number,09 1973,72263657
Passenger Number,09 1973,70193784
Passenger Number,09 1973,72490525
Passenger Number,09 1973,58356702
Passenger Number,09 1973,62094610
Passenger Number,09 1973,65924928
Passenger Number,09 1973,65074896
Passenger Number,09 1973,66606214
Passenger Number,09 1973,61960473
Passenger Number,08 1973,72475029
Passenger Number,08 1973,75751227
Passenger Number,08 1973,72987956
Passenger Number,08 1973,69755986
Passenger Number,08 1973,68447692
Passenger Number,08 1973,70993252
Passenger Number,08 1973,57515417
Passenger Number,08 1973,60610141
Passenger Number,08 1973,64613850
Passenger Number,08 1973,63346503
Passenger Number,08 1973,64845679
Passenger Number,07 1973,61926125
Passenger Number,07 1973,72813967
Passenger Number,07 1973,76817655
Passenger Number,07 1973,72864122
Passenger Number,07 1973,69488476
Passenger Number,07 1973,66430033
Passenger Number,07 1973,71318618
Passenger Number,07 1973,57019949
Passenger Number,07 1973,59364932
Passenger Number,07 1973,63884484
Passenger Number,06 1973,61956884
Passenger Number,06 1973,64939666
Passenger Number,06 1973,58242467
Passenger Number,06 1973,70584439
Passenger Number,06 1973,73117200
Passenger Number,06 1973,69118656
Passenger Number,06 1973,64002127
Passenger Number,06 1973,64055216
Passenger Number,06 1973,65123667
Passenger Number,06 1973,54616961
Passenger Number,05 1973,54067924
Passenger Number,05 1973,60269671
Passenger Number,05 1973,56541381
Passenger Number,05 1973,59553293
Passenger Number,05 1973,53668055
Passenger Number,05 1973,65720645
Passenger Number,05 1973,67515979
Passenger Number,05 1973,62557416
Passenger Number,05 1973,57954225
Passenger Number,05 1973,55342565
=======
Passenger Number,Dec 1973,62452681
Passenger Number,Dec 1973,59678546
Passenger Number,Dec 1973,64184934
Passenger Number,Dec 1973,59894800
Passenger Number,Dec 1973,71413001
Passenger Number,Dec 1973,74422572
Passenger Number,Dec 1973,69097663
Passenger Number,Dec 1973,64757794
Passenger Number,Dec 1973,64877586
Passenger Number,Dec 1973,66043684
Passenger Number,Nov 1973,54093004
Passenger Number,Nov 1973,56900323
Passenger Number,Nov 1973,62717151
Passenger Number,Nov 1973,58914304
Passenger Number,Nov 1973,64877513
Passenger Number,Nov 1973,59411465
Passenger Number,Nov 1973,74294212
Passenger Number,Nov 1973,76851301
Passenger Number,Nov 1973,73972942
Passenger Number,Nov 1973,71649414
Passenger Number,Oct 1973,68572218
Passenger Number,Oct 1973,73407830
Passenger Number,Oct 1973,61766845
Passenger Number,Oct 1973,63012616
Passenger Number,Oct 1973,66389836
Passenger Number,Oct 1973,67051384
Passenger Number,Oct 1973,69590307
Passenger Number,Oct 1973,64632355
Passenger Number,Oct 1973,77780379
Passenger Number,Oct 1973,78928090
Passenger Number,Oct 1973,75664811
Passenger Number,Sep 1973,72263657
Passenger Number,Sep 1973,70193784
Passenger Number,Sep 1973,72490525
Passenger Number,Sep 1973,58356702
Passenger Number,Sep 1973,62094610
Passenger Number,Sep 1973,65924928
Passenger Number,Sep 1973,65074896
Passenger Number,Sep 1973,66606214
Passenger Number,Sep 1973,61960473
Passenger Number,Aug 1973,72475029
Passenger Number,Aug 1973,75751227
Passenger Number,Aug 1973,72987956
Passenger Number,Aug 1973,69755986
Passenger Number,Aug 1973,68447692
Passenger Number,Aug 1973,70993252
Passenger Number,Aug 1973,57515417
Passenger Number,Aug 1973,60610141
Passenger Number,Aug 1973,64613850
Passenger Number,Aug 1973,63346503
Passenger Number,Aug 1973,64845679
Passenger Number,Jul 1973,61926125
Passenger Number,Jul 1973,72813967
Passenger Number,Jul 1973,76817655
Passenger Number,Jul 1973,72864122
Passenger Number,Jul 1973,69488476
Passenger Number,Jul 1973,66430033
Passenger Number,Jul 1973,71318618
Passenger Number,Jul 1973,57019949
Passenger Number,Jul 1973,59364932
Passenger Number,Jul 1973,63884484
Passenger Number,Jun 1973,61956884
Passenger Number,Jun 1973,64939666
Passenger Number,Jun 1973,58242467
Passenger Number,Jun 1973,70584439
Passenger Number,Jun 1973,73117200
Passenger Number,Jun 1973,69118656
Passenger Number,Jun 1973,64002127
Passenger Number,Jun 1973,64055216
Passenger Number,Jun 1973,65123667
Passenger Number,Jun 1973,54616961
Passenger Number,May 1973,54067924
Passenger Number,May 1973,60269671
Passenger Number,May 1973,56541381
Passenger Number,May 1973,59553293
Passenger Number,May 1973,53668055
Passenger Number,May 1973,65720645
Passenger Number,May 1973,67515979
Passenger Number,May 1973,62557416
Passenger Number,May 1973,57954225
Passenger Number,May 1973,55342565
>>>>>>> 74f4b9f0087ee0747a2a1607e52e5c4a43cf82af
Passenger Number,Apr 1973,59531353
Passenger Number,Apr 1973,49450152
Passenger Number,Apr 1973,52758886
Passenger Number,Apr 1973,59723147
Passenger Number,Apr 1973,53866781
Passenger Number,Apr 1973,57633352
Passenger Number,Apr 1973,49661992
Passenger Number,Apr 1973,63074585
Passenger Number,Apr 1973,62691720
Passenger Number,Apr 1973,59887374
Passenger Number,Mar 1973,56885147
Passenger Number,Mar 1973,54602625
Passenger Number,Mar 1973,58545911
Passenger Number,Mar 1973,46588866
Passenger Number,Mar 1973,47442993
Passenger Number,Mar 1973,49488912
Passenger Number,Mar 1973,47973305
Passenger Number,Mar 1973,47433806
Passenger Number,Mar 1973,38407435
Passenger Number,Mar 1973,69504972
Passenger Number,Feb 1973,68825069
Passenger Number,Feb 1973,65571218
Passenger Number,Feb 1973,62106448
Passenger Number,Feb 1973,61806886
Passenger Number,Feb 1973,64376198
Passenger Number,Feb 1973,52409806
Passenger Number,Feb 1973,54621077
Passenger Number,Feb 1973,57580109
Passenger Number,Feb 1973,59876478
Passenger Number,Jan 1973,61761550
Passenger Number,Jan 1973,57656828
Passenger Number,Jan 1973,67662020
Passenger Number,Jan 1973,68972330
Passenger Number,Jan 1973,66978860
Passenger Number,Jan 1973,63678054
Passenger Number,Jan 1973,61432178
Passenger Number,Jan 1973,64087356
Passenger Number,Jan 1973,53004755
Passenger Number,Jan 1973,51160305
<<<<<<< HEAD
Consumption,07 1974,1514.2
Consumption,07 1974,1555.1
Consumption,07 1974,1477.8
Consumption,07 1974,1432.5
Consumption,07 1974,1374.4
Consumption,07 1974,1399.1
Consumption,07 1974,1174.8
Consumption,07 1974,1300.9
Consumption,06 1974,1373.6
Consumption,06 1974,1274.5
Consumption,06 1974,1356.4
Consumption,06 1974,1312.2
Consumption,06 1974,1459.3
Consumption,06 1974,1498.2
Consumption,06 1974,1430.8
Consumption,06 1974,1383.5
Consumption,06 1974,1325.6
Consumption,06 1974,1398.1
Consumption,05 1974,1144.5
Consumption,05 1974,1264.1
Consumption,05 1974,1341.3
Consumption,05 1974,1252.7
Consumption,05 1974,1326.0
Consumption,05 1974,1270.7
Consumption,05 1974,1442.9
Consumption,05 1974,1465.3
Consumption,05 1974,1398.5
Consumption,05 1974,1360.9
=======
Consumption,Jul 1974,1514.2
Consumption,Jul 1974,1555.1
Consumption,Jul 1974,1477.8
Consumption,Jul 1974,1432.5
Consumption,Jul 1974,1374.4
Consumption,Jul 1974,1399.1
Consumption,Jul 1974,1174.8
Consumption,Jul 1974,1300.9
Consumption,Jun 1974,1373.6
Consumption,Jun 1974,1274.5
Consumption,Jun 1974,1356.4
Consumption,Jun 1974,1312.2
Consumption,Jun 1974,1459.3
Consumption,Jun 1974,1498.2
Consumption,Jun 1974,1430.8
Consumption,Jun 1974,1383.5
Consumption,Jun 1974,1325.6
Consumption,Jun 1974,1398.1
Consumption,May 1974,1144.5
Consumption,May 1974,1264.1
Consumption,May 1974,1341.3
Consumption,May 1974,1252.7
Consumption,May 1974,1326.0
Consumption,May 1974,1270.7
Consumption,May 1974,1442.9
Consumption,May 1974,1465.3
Consumption,May 1974,1398.5
Consumption,May 1974,1360.9
>>>>>>> 74f4b9f0087ee0747a2a1607e52e5c4a43cf82af
Consumption,Apr 1974,1305.4
Consumption,Apr 1974,1339.9
Consumption,Apr 1974,1141.1
Consumption,Apr 1974,1260.1
Consumption,Apr 1974,1298.4
Consumption,Apr 1974,1229.1
Consumption,Apr 1974,1287.0
Consumption,Apr 1974,1278.4
Consumption,Apr 1974,1421.0
Consumption,Apr 1974,1442.2
Consumption,Mar 1974,1403.9
Consumption,Mar 1974,1372.3
Consumption,Mar 1974,1301.5
Consumption,Mar 1974,1364.9
Consumption,Mar 1974,1207.9
Consumption,Mar 1974,1252.7
Consumption,Mar 1974,1326.2
Consumption,Mar 1974,1269.7
Consumption,Mar 1974,1338.8
Consumption,Mar 1974,1319.8
Consumption,Feb 1974,1461.0
Consumption,Feb 1974,1507.2
Consumption,Feb 1974,1448.6
Consumption,Feb 1974,1398.0
Consumption,Feb 1974,1370.4
Consumption,Feb 1974,1410.5
Consumption,Feb 1974,1189.3
Consumption,Feb 1974,1309.8
Consumption,Feb 1974,1372.6
Consumption,Jan 1974,1303.6
Consumption,Jan 1974,1371.3
Consumption,Jan 1974,1354.7
Consumption,Jan 1974,1478.6
Consumption,Jan 1974,1506.7
Consumption,Jan 1974,1427.7
Consumption,Jan 1974,1393.6
Consumption,Jan 1974,1311.3
Consumption,Jan 1974,1351.9
Consumption,Jan 1974,1148.4
<<<<<<< HEAD
Consumption,12 1973,1282.7
Consumption,12 1973,1334.8
Consumption,12 1973,1229.9
Consumption,12 1973,1324.8
Consumption,12 1973,1281.1
Consumption,12 1973,1428.1
Consumption,12 1973,1521.0
Consumption,12 1973,1443.1
Consumption,12 1973,1377.4
Consumption,12 1973,1353.0
Consumption,12 1973,1382.8
Consumption,11 1973,1219.2
Consumption,11 1973,1338.9
Consumption,11 1973,1402.2
Consumption,11 1973,1320.2
Consumption,11 1973,1412.3
Consumption,11 1973,1374.1
Consumption,11 1973,1603.9
Consumption,11 1973,1643.8
Consumption,11 1973,1581.2
Consumption,10 1973,1569.4
Consumption,10 1973,1525.0
Consumption,10 1973,1579.6
Consumption,10 1973,1444.1
Consumption,10 1973,1522.7
Consumption,10 1973,1541.6
Consumption,10 1973,1482.5
Consumption,10 1973,1549.4
Consumption,10 1973,1493.4
Consumption,10 1973,1653.3
Consumption,10 1973,1642.4
Consumption,09 1973,1582.9
Consumption,09 1973,1558.5
Consumption,09 1973,1512.5
Consumption,09 1973,1563.9
Consumption,09 1973,1352.6
Consumption,09 1973,1493.7
Consumption,09 1973,1533.7
Consumption,09 1973,1485.4
Consumption,09 1973,1535.4
Consumption,08 1973,1493.3
Consumption,08 1973,1634.9
Consumption,08 1973,1614.8
Consumption,08 1973,1555.3
Consumption,08 1973,1533.0
Consumption,08 1973,1497.0
Consumption,08 1973,1558.4
Consumption,08 1973,1339.3
Consumption,08 1973,1459.2
Consumption,08 1973,1513.1
Consumption,08 1973,1448.4
Consumption,07 1973,1479.1
Consumption,07 1973,1476.2
Consumption,07 1973,1642.2
Consumption,07 1973,1654.6
Consumption,07 1973,1589.9
Consumption,07 1973,1549.7
Consumption,07 1973,1509.1
Consumption,07 1973,1587.0
Consumption,07 1973,1385.3
Consumption,07 1973,1489.9
Consumption,06 1973,1550.3
Consumption,06 1973,1475.0
Consumption,06 1973,1549.8
Consumption,06 1973,1460.5
Consumption,06 1973,1617.8
Consumption,06 1973,1613.7
Consumption,06 1973,1549.3
Consumption,06 1973,1522.8
Consumption,06 1973,1475.4
Consumption,06 1973,1514.0
Consumption,05 1973,1379.5
Consumption,05 1973,1436.5
Consumption,05 1973,1444.3
Consumption,05 1973,1367.8
Consumption,05 1973,1438.5
Consumption,05 1973,1383.1
Consumption,05 1973,1504.7
Consumption,05 1973,1496.3
Consumption,05 1973,1402.6
Consumption,05 1973,1397.0
=======
Consumption,Dec 1973,1282.7
Consumption,Dec 1973,1334.8
Consumption,Dec 1973,1229.9
Consumption,Dec 1973,1324.8
Consumption,Dec 1973,1281.1
Consumption,Dec 1973,1428.1
Consumption,Dec 1973,1521.0
Consumption,Dec 1973,1443.1
Consumption,Dec 1973,1377.4
Consumption,Dec 1973,1353.0
Consumption,Dec 1973,1382.8
Consumption,Nov 1973,1219.2
Consumption,Nov 1973,1338.9
Consumption,Nov 1973,1402.2
Consumption,Nov 1973,1320.2
Consumption,Nov 1973,1412.3
Consumption,Nov 1973,1374.1
Consumption,Nov 1973,1603.9
Consumption,Nov 1973,1643.8
Consumption,Nov 1973,1581.2
Consumption,Oct 1973,1569.4
Consumption,Oct 1973,1525.0
Consumption,Oct 1973,1579.6
Consumption,Oct 1973,1444.1
Consumption,Oct 1973,1522.7
Consumption,Oct 1973,1541.6
Consumption,Oct 1973,1482.5
Consumption,Oct 1973,1549.4
Consumption,Oct 1973,1493.4
Consumption,Oct 1973,1653.3
Consumption,Oct 1973,1642.4
Consumption,Sep 1973,1582.9
Consumption,Sep 1973,1558.5
Consumption,Sep 1973,1512.5
Consumption,Sep 1973,1563.9
Consumption,Sep 1973,1352.6
Consumption,Sep 1973,1493.7
Consumption,Sep 1973,1533.7
Consumption,Sep 1973,1485.4
Consumption,Sep 1973,1535.4
Consumption,Aug 1973,1493.3
Consumption,Aug 1973,1634.9
Consumption,Aug 1973,1614.8
Consumption,Aug 1973,1555.3
Consumption,Aug 1973,1533.0
Consumption,Aug 1973,1497.0
Consumption,Aug 1973,1558.4
Consumption,Aug 1973,1339.3
Consumption,Aug 1973,1459.2
Consumption,Aug 1973,1513.1
Consumption,Aug 1973,1448.4
Consumption,Jul 1973,1479.1
Consumption,Jul 1973,1476.2
Consumption,Jul 1973,1642.2
Consumption,Jul 1973,1654.6
Consumption,Jul 1973,1589.9
Consumption,Jul 1973,1549.7
Consumption,Jul 1973,1509.1
Consumption,Jul 1973,1587.0
Consumption,Jul 1973,1385.3
Consumption,Jul 1973,1489.9
Consumption,Jun 1973,1550.3
Consumption,Jun 1973,1475.0
Consumption,Jun 1973,1549.8
Consumption,Jun 1973,1460.5
Consumption,Jun 1973,1617.8
Consumption,Jun 1973,1613.7
Consumption,Jun 1973,1549.3
Consumption,Jun 1973,1522.8
Consumption,Jun 1973,1475.4
Consumption,Jun 1973,1514.0
Consumption,May 1973,1379.5
Consumption,May 1973,1436.5
Consumption,May 1973,1444.3
Consumption,May 1973,1367.8
Consumption,May 1973,1438.5
Consumption,May 1973,1383.1
Consumption,May 1973,1504.7
Consumption,May 1973,1496.3
Consumption,May 1973,1402.6
Consumption,May 1973,1397.0
>>>>>>> 74f4b9f0087ee0747a2a1607e52e5c4a43cf82af
Consumption,Apr 1973,1334.3
Consumption,Apr 1973,1435.2
Consumption,Apr 1973,1258.8
Consumption,Apr 1973,1405.4
Consumption,Apr 1973,1391.4
Consumption,Apr 1973,1356.5
Consumption,Apr 1973,1458.9
Consumption,Apr 1973,1376.0
Consumption,Apr 1973,1527.0
Consumption,Apr 1973,1524.0
Consumption,Mar 1973,1456.9
Consumption,Mar 1973,1433.1
Consumption,Mar 1973,1374.2
Consumption,Mar 1973,1406.9
Consumption,Mar 1973,1228.9
Consumption,Mar 1973,1324.9
Consumption,Mar 1973,1325.5
Consumption,Mar 1973,1282.3
Consumption,Mar 1973,1329.7
Consumption,Mar 1973,1257.7
Consumption,Feb 1973,1718.0
Consumption,Feb 1973,1680.2
Consumption,Feb 1973,1637.2
Consumption,Feb 1973,1629.7
Consumption,Feb 1973,1559.1
Consumption,Feb 1973,1624.7
Consumption,Feb 1973,1453.4
Consumption,Feb 1973,1570.1
Consumption,Feb 1973,1578.5
Consumption,Jan 1973,1571.1
Consumption,Jan 1973,1647.7
Consumption,Jan 1973,1545.5
Consumption,Jan 1973,1697.8
Consumption,Jan 1973,1687.0
Consumption,Jan 1973,1632.3
Consumption,Jan 1973,1608.6
Consumption,Jan 1973,1553.1
Consumption,Jan 1973,1574.0
Consumption,Jan 1973,1435.2
<<<<<<< HEAD
Consumption,12 1972,1495.4
=======
Consumption,Dec 1972,1495.4
>>>>>>> 74f4b9f0087ee0747a2a1607e52e5c4a43cf82af
